source,target,hits
/nocomm50.html,/?p=114,190
/n50-.*,/?p=114,2785
/a50-.*,/?p=114,577
/c50-.*,/?p=114,160
/nocomm34.html,/?p=81,85
/n34-.*,/?p=81,725
/a34-.*,/?p=81,71
/c34-.*,/?p=81,131
/nocomm24.html,/?p=60,57
/n24-.*,/?p=60,683
/a24-.*,/?p=60,1089
/c24-.*,/?p=60,35
/nocomm19.html,/?p=52,49
/n19-.*,/?p=52,458
/a19-.*,/?p=52,57
/c19-.*,/?p=52,1924
/nocomm1.html,/?p=6,7
/n1-.*,/?p=6,36
/a1-.*,/?p=6,26
/c1-.*,/?p=6,30
/nocomm2.html,/?p=8,11
/n2-.*,/?p=8,52
/a2-.*,/?p=8,25
/c2-.*,/?p=8,16
/nocomm3.html,/?p=12,7
/n3-.*,/?p=12,30
/a3-.*,/?p=12,43810
/c3-.*,/?p=12,21
/nocomm4.html,/?p=14,660
/n4-.*,/?p=14,729
/a4-.*,/?p=14,68
/c4-.*,/?p=14,407
/nocomm5.html,/?p=18,673
/n5-.*,/?p=18,144
/a5-.*,/?p=18,41
/c5-.*,/?p=18,42
/nocomm6.html,/?p=20,11
/n6-.*,/?p=20,134
/a6-.*,/?p=20,3862
/c6-.*,/?p=20,19
/nocomm7.html,/?p=22,4
/n7-.*,/?p=22,240
/a7-.*,/?p=22,678
/c7-.*,/?p=22,134
/nocomm8.html,/?p=24,7
/n8-.*,/?p=24,151
/a8-.*,/?p=24,147
/c8-.*,/?p=24,11
/nocomm9.html,/?p=30,91
/n9-.*,/?p=30,70
/a9-.*,/?p=30,3311
/c9-.*,/?p=30,27
/nocomm10.html,/?p=34,12
/n10-.*,/?p=34,155
/a10-.*,/?p=34,2786
/c10-.*,/?p=34,18
/nocomm11.html,/?p=36,14
/n11-.*,/?p=36,207
/a11-.*,/?p=36,2593
/c11-.*,/?p=36,2258
/nocomm12.html,/?p=38,17
/n12-.*,/?p=38,584
/a12-.*,/?p=38,2300
/c12-.*,/?p=38,191
/nocomm13.html,/?p=40,420
/n13-.*,/?p=40,133
/a13-.*,/?p=40,133
/c13-.*,/?p=40,18
/nocomm14.html,/?p=42,397
/n14-.*,/?p=42,177
/a14-.*,/?p=42,494
/c14-.*,/?p=42,21
/nocomm15.html,/?p=44,108
/n15-.*,/?p=44,4718
/a15-.*,/?p=44,424
/c15-.*,/?p=44,36
/nocomm16.html,/?p=46,17
/n16-.*,/?p=46,564
/a16-.*,/?p=46,425
/c16-.*,/?p=46,11
/nocomm17.html,/?p=48,44
/n17-.*,/?p=48,493
/a17-.*,/?p=48,697
/c17-.*,/?p=48,154
/nocomm18.html,/?p=50,52
/n18-.*,/?p=50,427
/a18-.*,/?p=50,2328
/c18-.*,/?p=50,22
/nocomm20.html,/?p=54,61
/n20-.*,/?p=54,512
/a20-.*,/?p=54,19
/c20-.*,/?p=54,85
/nocomm21.html,/?p=56,64
/n21-.*,/?p=56,180
/a21-.*,/?p=56,656
/c21-.*,/?p=56,1664
/nocomm22.html,/?p=58,104
/n22-.*,/?p=58,737
/a22-.*,/?p=58,2603
/c22-.*,/?p=58,99
/nocomm23.html,/?p=149,61
/n23-.*,/?p=149,537
/a23-.*,/?p=149,20
/c23-.*,/?p=149,21
/nocomm25.html,/?p=62,723
/n25-.*,/?p=62,2279
/a25-.*,/?p=62,20703
/c25-.*,/?p=62,117
/nocomm26.html,/?p=64,54
/n26-.*,/?p=64,524
/a26-.*,/?p=64,36
/c26-.*,/?p=64,124
/nocomm27.html,/?p=66,54
/n27-.*,/?p=66,508
/a27-.*,/?p=66,1910
/c27-.*,/?p=66,23
/nocomm28.html,/?p=68,50
/n28-.*,/?p=68,626
/a28-.*,/?p=68,2114
/c28-.*,/?p=68,33
/nocomm29.html,/?p=70,54
/n29-.*,/?p=70,502
/a29-.*,/?p=70,36
/c29-.*,/?p=70,24
/nocomm30.html,/?p=72,52
/n30-.*,/?p=72,743
/a30-.*,/?p=72,688
/c30-.*,/?p=72,95
/nocomm31.html,/?p=68,51
/n31-.*,/?p=68,683
/a31-.*,/?p=68,56
/c31-.*,/?p=68,1940
/nocomm32.html,/?p=68,55
/n32-.*,/?p=68,661
/a32-.*,/?p=68,70
/c32-.*,/?p=68,79
/nocomm33.html,/?p=79,108
/n33-.*,/?p=79,956
/a33-.*,/?p=79,581
/c33-.*,/?p=79,147
/nocomm35.html,/?p=83,88
/n35-.*,/?p=83,825
/a35-.*,/?p=83,489
/c35-.*,/?p=83,107
/nocomm36.html,/?p=86,70
/n36-.*,/?p=86,750
/a36-.*,/?p=86,58
/c36-.*,/?p=86,60
/nocomm37.html,/?p=88,82
/n37-.*,/?p=88,3709
/a37-.*,/?p=88,81
/c37-.*,/?p=88,1023
/nocomm38.html,/?p=90,73
/n38-.*,/?p=90,610
/a38-.*,/?p=90,44
/c38-.*,/?p=90,112
/nocomm39.html,/?p=92,55
/n39-.*,/?p=92,722
/a39-.*,/?p=92,404
/c39-.*,/?p=92,113
/nocomm40.html,/?p=94,87
/n40-.*,/?p=94,756
/a40-.*,/?p=94,447
/c40-.*,/?p=94,153
/nocomm41.html,/?p=96,427
/n41-.*,/?p=96,891
/a41-.*,/?p=96,415
/c41-.*,/?p=96,96
/nocomm42.html,/?p=98,83
/n42-.*,/?p=98,706
/a42-.*,/?p=98,484
/c42-.*,/?p=98,5226
/nocomm43.html,/?p=100,121
/n43-.*,/?p=100,554
/a43-.*,/?p=100,384
/c43-.*,/?p=100,73
/nocomm44.html,/?p=102,317
/n44-.*,/?p=102,3002
/a44-.*,/?p=102,1859
/c44-.*,/?p=102,121
/nocomm45.html,/?p=104,102
/n45-.*,/?p=104,1354
/a45-.*,/?p=104,2289
/c45-.*,/?p=104,489
/nocomm46.html,/?p=106,116
/n46-.*,/?p=106,1223
/a46-.*,/?p=106,87
/c46-.*,/?p=106,136
/nocomm47.html,/?p=108,70
/n47-.*,/?p=108,1330
/a47-.*,/?p=108,58
/c47-.*,/?p=108,1644
/nocomm48.html,/?p=110,1706
/n48-.*,/?p=110,4398
/a48-.*,/?p=110,2042
/c48-.*,/?p=110,239
/nocomm49.html,/?p=112,106
/n49-.*,/?p=112,833
/a49-.*,/?p=112,497
/c49-.*,/?p=112,109
/nocomm51.html,/?p=116,76
/n51-.*,/?p=116,780
/a51-.*,/?p=116,0
/c51-.*,/?p=116,0
/page(\d+).html,/page/$1/,1735
/t[\d\.]*-([\s\S]+?).html,/tag/$1/,7514
/t[\d\.]*-feature-preview.html,/tag/preview/,941
/t[\d\.]*-downloads.html,/tag/downloads-2/,20
/flux.rss,/feed/,1806065
